{
    "providers": [
        {
            "type": "bitmap",
            "file": "minecraft:ranks/admin.png",
            "ascent": 8,
            "height": 9,
            "chars": ["\uE800"]
	},
        {
            "type": "bitmap",
            "file": "minecraft:ranks/fin1.png",
            "ascent": 8,
            "height": 9,
            "chars": ["\uE801"]
        },
        {
            "type": "bitmap",
            "file": "minecraft:ranks/fin2.png",
            "ascent": 8,
            "height": 9,
            "chars": ["\uE802"]
        },
        {
            "type": "bitmap",
            "file": "minecraft:ranks/shark1.png",
            "ascent": 8,
            "height": 9,
            "chars": ["\uE803"]
        },
        {
            "type": "bitmap",
            "file": "minecraft:ranks/shark2.png",
            "ascent": 8,
            "height": 9,
            "chars": ["\uE804"]
        },
        {
            "type": "bitmap",
            "file": "minecraft:ranks/totem.png",
            "ascent": 8,
            "height": 9,
            "chars": ["\uE805"]
        },
        {
            "type": "bitmap",
            "file": "minecraft:ranks/vip.png",
            "ascent": 8,
            "height": 9,
            "chars": ["\uE806"]
        },
        {
            "type": "bitmap",
            "file": "minecraft:ranks/doozer.png",
            "ascent": 8,
            "height": 9,
            "chars": ["\uE807"]
        },
        {
            "type": "bitmap",
            "file": "minecraft:ranks/shark3.png",
            "ascent": 8,
            "height": 9,
            "chars": ["\ue808"]
        },
        {
            "type": "bitmap",
            "file": "minecraft:ranks/shark4.png",
            "ascent": 8,
            "height": 9,
            "chars": ["\uE809"]
        },
        {
            "type": "bitmap",
            "file": "minecraft:ranks/shark5.png",
            "ascent": 8,
            "height": 9,
            "chars": ["\uE80A"]
        },
        {
            "type": "bitmap",
            "file": "minecraft:ranks/shark6.png",
            "ascent": 8,
            "height": 9,
            "chars": ["\uE80B"]
        },
        {
            "type": "bitmap",
            "file": "minecraft:ranks/shark7.png",
            "ascent": 8,
            "height": 9,
            "chars": ["\uE80C"]
        },
        {
            "type": "bitmap",
            "file": "minecraft:ranks/mayor.png",
            "ascent": 8,
            "height": 9,
            "chars": ["\uE80D"]
        },
        {
            "type": "bitmap",
            "file": "minecraft:ranks/president.png",
            "ascent": 8,
            "height": 9,
            "chars": ["\uE80E"]
        }
    ]
}