{
  "model": {
    "type": "range_dispatch",
    "property": "minecraft:custom_model_data",
    "fallback": {
      "type": "minecraft:select",
      "property": "minecraft:trim_material",
      "cases": [
        {
          "model": {
            "type": "minecraft:condition",
            "property": "minecraft:broken",
            "on_true": {
              "type": "minecraft:model",
              "model": "nydros_colored_elytras:item/elytra_broken_quartz_trim"
            },
            "on_false": {
              "type": "minecraft:model",
              "model": "nydros_colored_elytras:item/elytra_quartz_trim"
            }
          },
          "when": "minecraft:quartz"
        },
        {
          "model": {
            "type": "minecraft:condition",
            "property": "minecraft:broken",
            "on_true": {
              "type": "minecraft:model",
              "model": "nydros_colored_elytras:item/elytra_broken_iron_trim"
            },
            "on_false": {
              "type": "minecraft:model",
              "model": "nydros_colored_elytras:item/elytra_iron_trim"
            }
          },
          "when": "minecraft:iron"
        },
        {
          "model": {
            "type": "minecraft:condition",
            "property": "minecraft:broken",
            "on_true": {
              "type": "minecraft:model",
              "model": "nydros_colored_elytras:item/elytra_broken_netherite_trim"
            },
            "on_false": {
              "type": "minecraft:model",
              "model": "nydros_colored_elytras:item/elytra_netherite_trim"
            }
          },
          "when": "minecraft:netherite"
        },
        {
          "model": {
            "type": "minecraft:condition",
            "property": "minecraft:broken",
            "on_true": {
              "type": "minecraft:model",
              "model": "nydros_colored_elytras:item/elytra_broken_redstone_trim"
            },
            "on_false": {
              "type": "minecraft:model",
              "model": "nydros_colored_elytras:item/elytra_redstone_trim"
            }
          },
          "when": "minecraft:redstone"
        },
        {
          "model": {
            "type": "minecraft:condition",
            "property": "minecraft:broken",
            "on_true": {
              "type": "minecraft:model",
              "model": "nydros_colored_elytras:item/elytra_broken_copper_trim"
            },
            "on_false": {
              "type": "minecraft:model",
              "model": "nydros_colored_elytras:item/elytra_copper_trim"
            }
          },
          "when": "minecraft:copper"
        },
        {
          "model": {
            "type": "minecraft:condition",
            "property": "minecraft:broken",
            "on_true": {
              "type": "minecraft:model",
              "model": "nydros_colored_elytras:item/elytra_broken_gold_trim"
            },
            "on_false": {
              "type": "minecraft:model",
              "model": "nydros_colored_elytras:item/elytra_gold_trim"
            }
          },
          "when": "minecraft:gold"
        },
        {
          "model": {
            "type": "minecraft:condition",
            "property": "minecraft:broken",
            "on_true": {
              "type": "minecraft:model",
              "model": "nydros_colored_elytras:item/elytra_broken_emerald_trim"
            },
            "on_false": {
              "type": "minecraft:model",
              "model": "nydros_colored_elytras:item/elytra_emerald_trim"
            }
          },
          "when": "minecraft:emerald"
        },
        {
          "model": {
            "type": "minecraft:condition",
            "property": "minecraft:broken",
            "on_true": {
              "type": "minecraft:model",
              "model": "nydros_colored_elytras:item/elytra_broken_diamond_trim"
            },
            "on_false": {
              "type": "minecraft:model",
              "model": "nydros_colored_elytras:item/elytra_diamond_trim"
            }
          },
          "when": "minecraft:diamond"
        },
        {
          "model": {
            "type": "minecraft:condition",
            "property": "minecraft:broken",
            "on_true": {
              "type": "minecraft:model",
              "model": "nydros_colored_elytras:item/elytra_broken_lapis_trim"
            },
            "on_false": {
              "type": "minecraft:model",
              "model": "nydros_colored_elytras:item/elytra_lapis_trim"
            }
          },
          "when": "minecraft:lapis"
        },
        {
          "model": {
            "type": "minecraft:condition",
            "property": "minecraft:broken",
            "on_true": {
              "type": "minecraft:model",
              "model": "nydros_colored_elytras:item/elytra_broken_amethyst_trim"
            },
            "on_false": {
              "type": "minecraft:model",
              "model": "nydros_colored_elytras:item/elytra_amethyst_trim"
            }
          },
          "when": "minecraft:amethyst"
        },
        {
          "model": {
            "type": "minecraft:condition",
            "property": "minecraft:broken",
            "on_true": {
              "type": "minecraft:model",
              "model": "nydros_colored_elytras:item/elytra_broken_resin_trim"
            },
            "on_false": {
              "type": "minecraft:model",
              "model": "nydros_colored_elytras:item/elytra_resin_trim"
            }
          },
          "when": "minecraft:resin"
        }
      ],
      "fallback": {
        "type": "minecraft:condition",
        "property": "minecraft:broken",
        "on_true": {
          "type": "minecraft:model",
          "model": "minecraft:item/elytra_broken"
        },
        "on_false": {
          "type": "minecraft:model",
          "model": "minecraft:item/elytra"
        }
      }      
    },
    "entries": [
      {
        "threshold": 7733250,
        "model": {
          "type": "condition",
          "property": "broken",
          "on_true": {
            "type": "model",
            "model": "vane_trifles:item/reinforced_elytra.broken"
          },
          "on_false": {
            "type": "model",
            "model": "vane_trifles:item/reinforced_elytra"
          }
        }
      }
    ]
  }
}