{
  "model": {
    "type": "minecraft:select",
    "cases": [
      {
        "model": {
          "type": "minecraft:condition",
          "property": "minecraft:broken",
          "on_true": {
            "type": "minecraft:model",
            "model": "nydros_colored_elytras:item/elytra_red_broken_quartz_trim"
          },
          "on_false": {
            "type": "minecraft:model",
            "model": "nydros_colored_elytras:item/elytra_red_quartz_trim"
          }
        },
        "when": "minecraft:quartz"
      },
      {
        "model": {
          "type": "minecraft:condition",
          "property": "minecraft:broken",
          "on_true": {
            "type": "minecraft:model",
            "model": "nydros_colored_elytras:item/elytra_red_broken_iron_trim"
          },
          "on_false": {
            "type": "minecraft:model",
            "model": "nydros_colored_elytras:item/elytra_red_iron_trim"
          }
        },
        "when": "minecraft:iron"
      },
      {
        "model": {
          "type": "minecraft:condition",
          "property": "minecraft:broken",
          "on_true": {
            "type": "minecraft:model",
            "model": "nydros_colored_elytras:item/elytra_red_broken_netherite_trim"
          },
          "on_false": {
            "type": "minecraft:model",
            "model": "nydros_colored_elytras:item/elytra_red_netherite_trim"
          }
        },
        "when": "minecraft:netherite"
      },
      {
        "model": {
          "type": "minecraft:condition",
          "property": "minecraft:broken",
          "on_true": {
            "type": "minecraft:model",
            "model": "nydros_colored_elytras:item/elytra_red_broken_redstone_trim"
          },
          "on_false": {
            "type": "minecraft:model",
            "model": "nydros_colored_elytras:item/elytra_red_redstone_trim"
          }
        },
        "when": "minecraft:redstone"
      },
      {
        "model": {
          "type": "minecraft:condition",
          "property": "minecraft:broken",
          "on_true": {
            "type": "minecraft:model",
            "model": "nydros_colored_elytras:item/elytra_red_broken_copper_trim"
          },
          "on_false": {
            "type": "minecraft:model",
            "model": "nydros_colored_elytras:item/elytra_red_copper_trim"
          }
        },
        "when": "minecraft:copper"
      },
      {
        "model": {
          "type": "minecraft:condition",
          "property": "minecraft:broken",
          "on_true": {
            "type": "minecraft:model",
            "model": "nydros_colored_elytras:item/elytra_red_broken_gold_trim"
          },
          "on_false": {
            "type": "minecraft:model",
            "model": "nydros_colored_elytras:item/elytra_red_gold_trim"
          }
        },
        "when": "minecraft:gold"
      },
      {
        "model": {
          "type": "minecraft:condition",
          "property": "minecraft:broken",
          "on_true": {
            "type": "minecraft:model",
            "model": "nydros_colored_elytras:item/elytra_red_broken_emerald_trim"
          },
          "on_false": {
            "type": "minecraft:model",
            "model": "nydros_colored_elytras:item/elytra_red_emerald_trim"
          }
        },
        "when": "minecraft:emerald"
      },
      {
        "model": {
          "type": "minecraft:condition",
          "property": "minecraft:broken",
          "on_true": {
            "type": "minecraft:model",
            "model": "nydros_colored_elytras:item/elytra_red_broken_diamond_trim"
          },
          "on_false": {
            "type": "minecraft:model",
            "model": "nydros_colored_elytras:item/elytra_red_diamond_trim"
          }
        },
        "when": "minecraft:diamond"
      },
      {
        "model": {
          "type": "minecraft:condition",
          "property": "minecraft:broken",
          "on_true": {
            "type": "minecraft:model",
            "model": "nydros_colored_elytras:item/elytra_red_broken_lapis_trim"
          },
          "on_false": {
            "type": "minecraft:model",
            "model": "nydros_colored_elytras:item/elytra_red_lapis_trim"
          }
        },
        "when": "minecraft:lapis"
      },
      {
        "model": {
          "type": "minecraft:condition",
          "property": "minecraft:broken",
          "on_true": {
            "type": "minecraft:model",
            "model": "nydros_colored_elytras:item/elytra_red_broken_amethyst_trim"
          },
          "on_false": {
            "type": "minecraft:model",
            "model": "nydros_colored_elytras:item/elytra_red_amethyst_trim"
          }
        },
        "when": "minecraft:amethyst"
      },
      {
        "model": {
          "type": "minecraft:condition",
          "property": "minecraft:broken",
          "on_true": {
            "type": "minecraft:model",
            "model": "nydros_colored_elytras:item/elytra_red_broken_resin_trim"
          },
          "on_false": {
            "type": "minecraft:model",
            "model": "nydros_colored_elytras:item/elytra_red_resin_trim"
          }
        },
        "when": "minecraft:resin"
      }
    ],
    "fallback": {
      "type": "minecraft:condition",
      "property": "minecraft:broken",
      "on_true": {
        "type": "minecraft:model",
        "model": "nydros_colored_elytras:item/elytra_red_broken"
      },
      "on_false": {
        "type": "minecraft:model",
        "model": "nydros_colored_elytras:item/elytra_red"
      }
    },
    "property": "minecraft:trim_material"
  }
}