{
    "providers": [
        {
            "type": "bitmap",
            "file": "minecraft:ranks/admin.png",
            "ascent": 8,
            "height": 9,
            "chars": ["\uE800"]
	},
        {
            "type": "bitmap",
            "file": "minecraft:ranks/fin1.png",
            "ascent": 8,
            "height": 9,
            "chars": ["\uE801"]
        },
        {
            "type": "bitmap",
            "file": "minecraft:ranks/fin2.png",
            "ascent": 8,
            "height": 9,
            "chars": ["\uE802"]
        },
        {
            "type": "bitmap",
            "file": "minecraft:ranks/shark1.png",
            "ascent": 8,
            "height": 9,
            "chars": ["\uE803"]
        },
        {
            "type": "bitmap",
            "file": "minecraft:ranks/shark2.png",
            "ascent": 8,
            "height": 9,
            "chars": ["\uE804"]
        },
        {
            "type": "bitmap",
            "file": "minecraft:ranks/totem.png",
            "ascent": 8,
            "height": 9,
            "chars": ["\uE805"]
        },
        {
            "type": "bitmap",
            "file": "minecraft:ranks/vip.png",
            "ascent": 8,
            "height": 9,
            "chars": ["\uE806"]
        },
        {
            "type": "bitmap",
            "file": "minecraft:ranks/doozer.png",
            "ascent": 8,
            "height": 9,
            "chars": ["\uE807"]
        }
    ]
}